0|Level up one Cat at the Upgrade menu!<br>(Tap the Upgrade! button below any Cat)
1|Activate the Energy Drink in "Battle Cats Rising"!<br>(Get bonus abilities by collecting the first 7 Treasures)
2|Raise your User Rank by %d!<br>(Upgrade Cats or Base Abilities: %d of %d)
3|Draw one Cat Capsule at the Cat Base!<br>(Get a free Cat Ticket each day and use it once)
4|Recruit a Gamatoto Assistant!<br>(Discover Assistants as Gamatoto expedition rewards)
5|Clear a stage while using a CatCombo!<br>(Deploy a set grouping of Cats in your formation!)
6|Challenge the Catclaw Dojo!<br>(Play any stage at the Dojo once)
7|Unlock the True Form of any Normal Cat!<br>(Evolve a Normal Cat at level 30)
8|Clear Japan in "Battle Cats Rising"!<br>(Complete the 7th stage in Empire of Cats Ch. 1)
9|Clear India in "Battle Cats Rising"!<br>(Complete the 11th stage in Empire of Cats Ch. 1)
10|Clear Madagascar in "Battle Cats Rising"!<br>(Complete the 16th stage in Empire of Cats Ch. 1)
11|Clear Greece in "Battle Cats Rising"!<br>(Complete the 23rd stage in Empire of Cats Ch. 1)
12|Clear Greenland in "Battle Cats Rising"!<br>(Complete the 32nd stage in Empire of Cats Ch. 1)
13|Clear Argentina in "Battle Cats Rising"!<br>(Complete the 39th stage in Empire of Cats Ch. 1)
14|Clear Hollywood in "Battle Cats Rising"!<br>(Complete the 45th stage in Empire of Cats Ch. 1)
15|Clear the Moon in "Battle Cats Rising"!<br>(Complete the final stage of Empire of Cats Ch. 1)
16|Clear all stages in "The Emperor of Darkness"!<br>(Complete the final stage of Empire of Cats Ch. 2)
17|Clear all stages in "Revival of Bahamut Cat"!<br>(Complete the final stage of Empire of Cats Ch. 3)
18|Clear all stages in "Time Enough For Cats"!<br>(Complete the final stage of Into the Future Ch. 1)
19|Clear all stages in "Alien Intrigue"!<br>(Complete the final stage of Into the Future Ch. 2)
20|Clear all stages in "The Ancients Arise"!<br>(Complete the final stage of Into the Future Ch. 3)
21|<br>
22|Clear all stages in "Beyond the Exosphere"!<br>(Complete the final stage of Cats of the Cosmos Ch. 1)
23|Clear all stages in "The Passion of Catgod"!<br>(Complete the final stage of Cats of the Cosmos Ch. 2)
24|
25|Clear all stages in "Even Stars Burn Out"!<br>(Complete the final stage of Cats of the Cosmos Ch. 3)
26|
27|Clear all 2★ Legends!<br>Complete every 2★ map in Stories of Legend.
28|Clear all 3★ Legends!<br>Complete every 3★ map in Stories of Legend.
8000|Clear Cat Ticket reward stages %d times!<br>(Check applicable stages in Mission details: %d of %d)
8001|Clear XP reward stages %d times!<br>(Check applicable stages in Mission details: %d of %d)
8002|Clear %d Stories of Legend stages!<br>(Complete any 5 yellow SoL stages: %d of %d)
8003|Send Gamatoto on %d successful expeditions!<br>(Complete 7 full expeditions to any Gamatoto area: %d of %d)
8004|Clear all weekly missions!<br>(Complete all %d weekly Challenges available: %d of %d)
8005|Clear Cat Ticket reward stages %d times!<br>(Check applicable stages in Mission details: %d of %d)
8006|Clear XP reward stages %d times!<br>(Check applicable stages in Mission details: %d of %d)
8007|Send Gamatoto on %d successful expeditions!<br>(Complete 10 full expeditions to any Gamatoto area: %d of %d)
8008|Clear Catfruit reward stages %d times!<br>(Check applicable stages in Mission details: %d of %d)
8009|Clear %d Stories of Legend stages!<br>(Complete any 10 yellow SoL stages: %d of %d)
8010|Clear all weekly missions!<br>(Complete all %d weekly Challenges available: %d of %d)
8011|Clear all weekly missions!<br>(Complete all %d weekly Challenges available: %d of %d)
9000|Defeat the 30th floor of the Heavenly Tower.<br>(This reward can only be claimed once.)|Check the Special Missions to access<br>this Heavenly Tower Mission!
9001|Clear Summer Lesson stages %d times!<br>(Complete any Summer Lesson stage: %d of %d)
9002|Clear Summer Lesson stages %d times!<br>(Complete any Summer Lesson stage: %d of %d)
9003|Clear Summer Lesson stages %d times!<br>(Complete any Summer Lesson stage: %d of %d)
9004|Collect the Rare Unit: Awa Odori Cat!<br>(Available from any Summer Diary stage.)
9005|Clear all Special missions!<br>(Complete all %d summer event missions: %d of %d)
9006|<br>
9007|<br>
9008|<br>
9009|<br>
9010|<br>
9011|Clear Silver Week stages %d times<br>Cleared Silver Week stages: %d of %d|Silver Week missions have been added<br>to the Special Missions section!
9012|Clear Silver Week stages %d times<br>Cleared Silver Week stages: %d of %d
9013|Clear Silver Week stages %d times<br>Cleared Silver Week stages: %d of %d
9014|Clear all Silver Week Missions<br>Cleared %d Silver Week missions: %d of %d
9015|Score 5000 or more on "Immortal Allen O'Neill"!<br>Receive your score upon stage clear.|Check out the Metal Slug Defense missions<br>in the Special missions of Catnip Challenges!
9016|Score 5000 or more on "Attack On Huge Hermit"!<br>Receive your score upon stage clear.
9017|Score 5000 or more on "Jupiter King Convoy"!<br>Receive your score upon stage clear.
9018|Score 3000 or more on "Devils on the Doorstep"!<br>Receive your score upon stage clear.
9019|Clear "Five Years of Fun!!" %d times!<br>Stages and rewards reset daily! Cleared %d of %d times.|5th Anniversary special missions added<br>to the Catnip Challenges!
9020|Score 5555 pts in "Five Year Plan"!<br>Find this Ranking Stage at the Catclaw Dojo!|5th Anniversary Ranking Mission<br>added as a Catnip Challenge Special Mission!
9021|Evolve Coin Cat!<br>(You must evolve the Cat before the event ends!)
9022|Score 4000 or more on "Schoolyard Clash"!<br>Receive your score upon stage clear.|Check the Special Missions to access<br>Fate/stay night [HF] collab challenges!
9023|Score 3500 or more on "Midnight Interception"!<br>Receive your score upon stage clear.
9024|Score 3000 or more on "Manor Ruins"!<br>Receive your score upon stage clear.
9025|Score 2500 or more on "Inconspicuous Trap"!<br>Receive your score upon stage clear.
9026|Score 1500 or more on "Beginning of the End"!<br>Receive your score upon stage clear.
9027|Clear daily blitz collab stages %d times!<br>Clear any Holy War stage: %d of %d
9028|Clear the Heavenly Tower's 40th floor!<br>※Rewards can only be received once.|Check the Special Missions to access<br>a Heavenly Tower Mission!
9029|Score more than 2500 points when<br>clearing the "Coming to Town!" stage!|Check the Special Missions to access<br>a limited Holiday Mission!
9030|Score more than 2000 points on the<br>"Reindeer Games" stage!
9031|Score more than 2000 points on the<br>"Whipped Cream" stage!
9032|Score more than 2000 points on the<br>"Coup d'Workshop" stage!
9033|Score more than 1500 points on the<br>"War on Xmas" stage!
9034|Clear "Cats in the Snow" %d times!<br>Clear any Cats in the Snow stage: %d of %d|Check the Special Missions to access<br>a Snow Festival mission!
9035|Clear "Cats in the Snow" %d times!<br>Clear any Cats in the Snow stage: %d of %d
9036|Clear "Cats in the Snow" %d times!<br>Clear any Cats in the Snow stage: %d of %d
9037|Score more than 3000 points on the<br>PowerPro collab stage "Round 1 (Easy)"!|Check the Special Missions to access<br>limited PowerPro Baseball challenges!
9038|Score more than 6000 points on the<br>PowerPro collab stage "Round 2 (Normal)"!
9039|Score more than 6500 points on the<br>PowerPro collab stage "Final Round (Hard)"!
9040|Score more than 2000 points on the<br>Limited Stage "Mallow March"!|Check the Special Missions to access<br>limited Sweetest Sorrow challenges!
9041|Score more than 5000 points on the<br>Limited Stage "Marzi Pain"!
9042|Score more than 6000 points on the<br>Limited Stage "Cavity Creeping"!
9043|Clear "Go Go Graduates" %d times!<br>Clear any Go Go Graduates stage: %d of %d|Check the Special Missions to access<br>limited Go Go Graduates challenges!
9044|Clear "Go Go Graduates" %d times!<br>Clear any Go Go Graduates stage: %d of %d
9045|Clear "Go Go Graduates" %d times!<br>Clear any Go Go Graduates stage: %d of %d
9046|Score more than 2000 points on the<br>Special Stage "Mallow March"!|Check the Special Missions to access<br>limited Sweetest Sorrow challenges!
9047|Score more than 5000 points on the<br>Special Stage "Marzi Pain"!
9048|Score more than 6000 points on the<br>Special Stage "Cavity Creeping"!
9049|Upgrade Egg Cat to Level 10!<br>(You must evolve the Cat before the event ends!)|Check the Special Missions to access<br>limited Springtime challenges!
9050|Upgrade Shinji & Cat to Level 10!<br>(You must evolve the Cat before the event ends!)|Check the Special Missions to access<br>limited Evangelion collab challenges!
9051|Clear "Decisive Battle!" %d times!<br>Clear any Decisive Battle! stage: %d of %d
9052|Clear "Decisive Battle!" %d times!<br>Clear any Decisive Battle! stage: %d of %d
9053|Clear "Decisive Battle!" %d times!<br>Clear any Decisive Battle! stage: %d of %d
9054|Clear a stage using a catcombo with "Eva Angel Killer" effect!<br>Use Shinji and ??? together (after Empire Ch. 1)|Check the Special Missions to access<br>limited Evangelion collab challenges!
9055|Destroy the 4th Angel<br>Encounter this enemy at "State of Emergency"
9056|Destroy the 6th Angel<br>Encounter this enemy at "Futagoyama Fortress"
9057|Destroy the 9th Angel<br>Encounter this enemy at "Asuka On Board (Easy)"
9058|Destroy the 10th Angel<br>Encounter this enemy at "Refusal Type (Hard)"
9059|Destroy all Angels<br>Complete %d Destroy Angel missions: %d of %d complete.
9060|Evolve Pokota at Level 10!<br>This mission can only be completed during the LINE Pokopang! collab event!|Check the Special Missions to access<br>limited LINE Pokopang! challenges!
9061|Evolve Ovis at Level 10!<br>This mission can only be completed during the LINE Pokopang! collab event!
9062|Evolve Coco at Level 10!<br>This mission can only be completed during the LINE Pokopang! collab event!
9063|Clear "Trio from the Woods" %d times!<br>Clear any Trio from the Woods stage: %d of %d
9064|Clear "Trio from the Woods" %d times!<br>Clear any Trio from the Woods stage: %d of %d
9065|Clear "Trio from the Woods" %d times!<br>Clear any Trio from the Woods stage: %d of %d
9066||
9067|
9068|
9069|
9070|
9071|
9072|Clear "The Midas Touch" %d times!<br>Clear any The Midas Touch stage: %d of %d|Check the Special Missions to access<br>limited The Midas Touch challenges!
9073|Clear "The Midas Touch" %d times!<br>Clear any The Midas Touch stage: %d of %d
9074|Clear "The Midas Touch" %d times!<br>Clear any The Midas Touch stage: %d of %d
9075|Clear "City of Souls" %d times!<br>Clear any City of Souls stage: %d of %d|Check the Special Missions to access<br>Shoumetsu Toshi collab challenges!
9076|Clear "City of Souls" %d times!<br>Clear any City of the Soul stage: %d of %d
9077|Clear "City of Souls" %d times!<br>Clear any City of the Soul stage: %d of %d
9078|Upgrade Yuki Cat to Level 10!<br>(You must evolve the Cat before the Shoumetsu Toshi collab ends!)
9079|Upgrade Takuya ＆ Yuki to Level 10!<br>(You must evolve the Cat before the Shoumetsu Toshi collab ends!)
9080|Upgrade Redhead Yuki Cat to Level 10!<br>(You must evolve the Cat before the Shoumetsu Toshi collab ends!)
9081||
9082|
9083|
9084||
9085|Clear "Sliming to Victory" %d times!<br>Clear any Sliming to Victory stage: %d of %d|Check the Special Missions to access<br>limited Slimy Stallions challenges!
9086|Clear "Sliming to Victory" %d times!<br>Clear any Sliming to Victory stage: %d of %d
9087|Clear "Sliming to Victory" %d times!<br>Clear any Sliming to Victory stage: %d of %d
9088|Evolve Slug Jockey Cat at Level 10!<br>This mission can only be completed during the Slimy Stallions event!
9089|Clear "The Forbidden Bride Pt II" %d times!<br>Clear any Forbidden Bride Pt II stage: %d of %d|Check the Special Missions to access<br>limited The Forbidden Bride challenges!
9090|Clear "The Forbidden Bride Pt II" %d times!<br>Clear any Forbidden Bride Pt II stage: %d of %d
9091|Clear "The Forbidden Bride Pt II" %d times!<br>Clear any Forbidden Bride Pt II stage: %d of %d
9092|Evolve Madam Bride at Level 10!<br>This mission can only be completed during the June Monthly Event!|Check the Special Missions to access<br>limited June Monthly Event challenges!
9093|Clear "The Battle Cats POP!" %d times!<br>Clear any The Battle Cats POP! stage: %d of %d|Check the Special Missions to access<br>limited The Battle Cats POP! challenges!
9094|Clear "The Battle Cats POP!" %d times!<br>Clear any The Battle Cats POP! stage: %d of %d
9095|Clear "The Battle Cats POP!" %d times!<br>Clear any The Battle Cats POP! stage: %d of %d
9096|Clear "The Battle Cats POP!" %d times!<br>Clear any The Battle Cats POP! stage: %d of %d
9097|Evolve Betakkuma at Level 10!<br>This mission can only be completed during the Betakkuma Collab Event!|Check the Special Missions to access<br>limited Betakkuma challenges!
9098|Clear "Never Not Summer!" %d times!<br>Clear any Never Not Summer! stage: %d of %d|Check the Special Missions to access<br>limited Never Not Summer! challenges!
9099|Clear "Never Not Summer!" %d times!<br>Clear any Never Not Summer! stage: %d of %d
9100|Clear "Never Not Summer!" %d times!<br>Clear any Never Not Summer! stage: %d of %d
9101|Evolve Vacation Queen at Level 10!<br>This mission can only be completed during the July Monthly Event!|Check the Special Missions to access<br>limited July Monthly Event challenges!
9102||
9103|
9104|
9105||
9106|
9107|
9108|
9109|
9110|
9111|Clear "Ghostly Strangers" %d times!<br>Clear any Ghostly Strangers stage: %d of %d|Check the Special Missions to access<br>limited Ghostly Strangers challenges!
9112|Clear "Ghostly Strangers" %d times!<br>Clear any Ghostly Strangers stage: %d of %d
9113|Clear "Ghostly Strangers" %d times!<br>Clear any Ghostly Strangers stage: %d of %d
9114|Evolve Vengeful Cat at Level 10!<br>This mission can only be completed while the Ghostly stages are available!|Check the Special Missions to access<br>limited Ghostly challenges!
9115|Clear "Old Guys in the City" %d times!<br>Clear any Old Guys in the City stage: %d of %d|Check the Special Missions to access<br>limited Old Guys in the City challenges!
9116|Clear "Old Guys in the City" %d times!<br>Clear any Old Guys in the City stage: %d of %d
9117|Clear "Old Guys in the City" %d times!<br>Clear any Old Guys in the City stage: %d of %d
9118|Evolve Kung Fu Cat X at Level 10!<br>This mission can only be completed while the Old Guys stages are available!|Check the Special Missions to access<br>limited Old Guys challenges!
9119|Clear "Summer Lesson" %d times!<br>Clear any Summer Lesson stage: %d of %d|Check the Special Missions to access<br>limited Summer Lesson challenges!
9120|Clear "Summer Lesson" %d times!<br>Clear any Summer Lesson stage: %d of %d
9121|Clear "Summer Lesson" %d times!<br>Clear any Summer Lesson stage: %d of %d
9122|Evolve Awa Odori Cat at Level 10!<br>This mission can only be completed while Summer Diary stages are available!|Check the Special Missions to access<br>limited Summer Diary challenges!
9123|Defeat the Rose Garden Witch<br>Find this enemy at the "The Rose Garden Witch (Easy)" stage.|Check the Special Missions to access<br>Madoka Magica collab challenges!
9124|Defeat the Dessert Witch<br>Find this enemy at the "The Dessert Witch (Normal)" stage.
9125|Defeat the Box Witch<br>Find this enemy at the "The Box Witch (Hard)" stage.
9126|Defeat the Stagebuilding Witch<br>Find this enemy at the "The Stagebuilding Witch (Deadly)" stage.
9127|Defeat the Nutcracker Witch<br>Find this enemy at the "The Nutcracker Witch (Veteran)" stage.
9128|Destroy all Witches<br>Complete %d Destroy Witch missions: %d of %d complete.
9129|Evolve Li'l Madoka at Level 10!<br>This mission can only be completed while the Puella Magi Madoka Magica collab is available!
9130|Evolve Kyubey Cat at Level 10!<br>This mission can only be completed while the Puella Magi Madoka Magica collab is available!
9131|Clear "Queen Rampant" %d times!<br>Clear any Queen Rampant stage: %d of %d|Check the Special Missions to access<br>limited Crash Fever challenges!
9132|Clear "Queen Rampant" %d times!<br>Clear any Queen Rampant stage: %d of %d
9133|Clear "Queen Rampant" %d times!<br>Clear any Queen Rampant stage: %d of %d
9134|Clear "Sports Night" %d times!<br>Clear any Sports Night stage: %d of %d|Check the Special Missions to access<br>limited Sports Night challenges!
9135|Clear "Sports Night" %d times!<br>Clear any Sports Night stage: %d of %d
9136|Clear "Sports Night" %d times!<br>Clear any Sports Night stage: %d of %d
9137|Evolve Sports Day Cat at Level 10!<br>This mission can only be completed while "Autumn = Sports Day" stages are available!|Check the Special Missions to access<br>limited "Autumn = Sports Day" challenges!
9138|Clear "Worker's Revolution" %d times!<br>Clear any Worker's Revolution stage: %d of %d|Check the Special Missions to access<br>limited Worker's Revolution challenges!
9139|Clear "Worker's Revolution" %d times!<br>Clear any Worker's Revolution stage: %d of %d
9140|Clear "Worker's Revolution" %d times!<br>Clear any Worker's Revolution stage: %d of %d
9141|Evolve Salaryman Cat at Level 10!<br>This mission can only be completed while "Loving Labor" stages are available!|Check the Special Missions to access<br>limited Loving Labor challenges!
9142|Clear "Merc Storia: Attack" stages %d times!<br>Clear any Merc Storia: Attack stage: %d of %d|Check the Special Missions to access<br>limited Merc Storia challenges!
9143|Clear "Merc Storia: Attack" stages %d times!<br>Clear any Merc Storia: Attack stage: %d of %d
9144|Clear "Merc Storia: Attack" stages %d times!<br>Clear any Merc Storia: Attack stage: %d of %d
9145|Challenge the Ranking Stage "Weak of Spirit"!<br> Select this stage at the Catclaw Dojo!
9146|Evolve Healer at Level 10!<br>This mission can only be completed during the Merc Storia Collab Event!
9147|Clear "A Cultured Festival" %d times!<br>Clear any A Cultured Festival stage: %d of %d|Check the Special Missions to access<br>limited Cultured Festival challenges!
9148|Clear "A Cultured Festival" %d times!<br>Clear any A Cultured Festival stage: %d of %d
9149|Clear "A Cultured Festival" %d times!<br>Clear any A Cultured Festival stage: %d of %d
9150|Evolve Food Stall Cat at Level 10!<br>This mission can only be completed while "A Cultured Festival" stages are available!
9151|Clear "Christmas in Space" %d times!<br>Clear any Christmas in Space stage: %d of %d|Check the Special Missions to access<br>limited Christmas in Space challenges!
9152|Clear "Christmas in Space" %d times!<br>Clear any Christmas in Space stage: %d of %d
9153|Clear "Christmas in Space" %d times!<br>Clear any Christmas in Space stage: %d of %d
9154|Evolve Reindeer Cat at Level 10!<br>This mission can only be completed while December stages are available!|Check the Special Missions to access<br>limited December monthly challenges!
9155|Evolve Pumpcat at Level 10!<br>This mission can only be completed while All Hallows Road stages are available!|Check the Special Missions to access<br>limited All Hallows Road challenges!
9156|Evolve A Gift of Cats at Level 10!<br>This mission can only be completed while Jolly St. Nick stages are available!|Check the Special Missions to access<br>limited Jolly St. Nick challenges!
9157|Clear "Another New Year" stages %d times!<br>Clear any Another New Year stage: %d of %d|Check the Special Missions to access<br>limited Another New Year challenges!
9158|Clear "Another New Year" stages %d times!<br>Clear any Another New Year stage: %d of %d
9159|Clear "Another New Year" stages %d times!<br>Clear any Another New Year stage: %d of %d
9160|Evolve Adult Cat at Level 10!<br>This mission can only be completed while January stages are available!|Check the Special Missions to access<br>limited January monthly challenges!
9161|Clear the Clionel Ascendant stage! <br>This mission can only be completed while the Limited Festival is available!|Check the Special Missions to access<br>Limited Festival challenges!
9162|Clear the River Styx stage! <br>This mission can only be completed while the Limited Festival is available!
9163|Clear the Queens Coronation stage! <br>This mission can only be completed while the Limited Festival is available!
9164|Clear the Dead on Debut stage! <br>This mission can only be completed while the Limited Festival is available!
9165|Clear the King Wahwah's Revenge stage! <br>This mission can only be completed while the Limited Festival is available!
9166|Clear the Deeply Dreaming stage! <br>This mission can only be completed while the Limited Festival is available!
9167|Clear all Limited Festival stages once each!<br>Clear all %d Limited Festival missions: %d of %d
9168|Clear "Six Years" stages %d times!<br>Clear any Six Years stage: %d of %d|Check the Special Missions to access<br>limited Six Years monthly challenges!
9169|Score 6666 pts in "Six Years Strong"!<br>Find this Ranking Stage at the Catclaw Dojo!|Check the Special Missions to access<br>limited Six Years dojo challenges!
9170|Clear "Ritual Confusion" stages %d times!<br>Clear any Ritual Confusion stage: %d of %d|Check the Special Missions to access<br>limited Ritual Confusion monthly challenges!
9171|Clear "Ritual Confusion" stages %d times!<br>Clear any Ritual Confusion stage: %d of %d
9172|Clear "Ritual Confusion" stages %d times!<br>Clear any Ritual Confusion stage: %d of %d
9173|Evolve Evil Cat at Level 10!<br>This mission can only be completed while February stages are available!|Check the Special Missions to access<br>limited February monthly challenges!
9174|Clear "Bears Be Back" stages %d times!<br>Clear any Bears Be Back stage: %d of %d|Check the Special Missions to access<br>limited Bears Be Back challenges!
9175|Clear "Bears Be Back" stages %d times!<br>Clear any Bears Be Back stage: %d of %d
9176|Clear "Bears Be Back" stages %d times!<br>Clear any Bears Be Back stage: %d of %d
9177|Evolve Doll Cats at Level 10!<br>This mission can only be completed while March stages are available!|Check the Special Missions to access<br>limited March monthly challenges!
9178|Evolve Shirou the Cat at Level 10!<br>This mission can only be completed during the Fate/stay night [HF] event!|Check the Special Missions to access<br>Fate/stay night [HF] collab challenges!
9179|Clear "Spring for Sensei" stages %d times!<br>Clear any Spring for Sensei stage: %d of %d|Check the Special Missions to access<br>limited "Spring for Sensei" challenges!
9180|Clear "Spring for Sensei" stages %d times!<br>Clear any Spring for Sensei stage: %d of %d
9181|Clear "Spring for Sensei" stages %d times!<br>Clear any Spring for Sensei stage: %d of %d
9182|Evolve Maiden Cat at Level 10!<br>This mission can only be completed during the April monthly event!|Check the Special Missions to access<br>limited April monthly challenges!
9183|Evolve Meowla Meowla at Level 10!<br>This mission can only be completed during the Survive! Mola Mola event!|Check the Special Missions to access<br>limited "Survive! Mola Mola" challenges!
9184|Clear "Lovesick Again" stages %d times!<br>Clear any Lovesick Again stage: %d of %d|Check the Special Missions to access<br>limited "Lovesick Again" challenges!
9185|Clear "Lovesick Again" stages %d times!<br>Clear any Lovesick Again stage: %d of %d
9186|Clear "Lovesick Again" stages %d times!<br>Clear any Lovesick Again stage: %d of %d
9187|Evolve Koi Cat at Level 10!<br>This mission can only be completed during the May monthly event!|Check the Special Missions to access<br>limited May monthly challenges!
9188||
9189|
9190|
9191|Upgrade Prince Yamato to Level 10!<br>(You must evolve the Cat before the Bikkuriman collab ends!)|Check the Special Missions to access<br>limited "Bikkuriman" challenges!
9192|Upgrade Rosary Angel to Level 10!<br>(You must evolve the Cat before the Bikkuriman collab ends!)
9193|Clear the first "Devilish Illusion" stage!<br>You must earn a victory on "A Tower Piercing the Sky (Hard)"
9194|Clear the first "Yamato Awakens!" stage!<br>You must earn a victory on "Inherited Ambition (Veteran)"
9195|Clear "Bikkuriman Choco" stages %d times!<br>Clear any Bikkuriman Choco stage: %d of %d
9196|Clear "Bikkuriman Choco" stages %d times!<br>Clear any Bikkuriman Choco stage: %d of %d
9197|Clear "Bikkuriman Choco" stages %d times!<br>Clear any Bikkuriman Choco stage: %d of %d
9198|Upgrade Kano ＆ Souma to Level 10!<br>(You must evolve the Cat before the Shoumetsu Toshi collab ends!)
9199|Clear "Shakurel Planet" %d times!<br>Clear any Shakurel Planet stage: %d of %d|Check the Special Missions to access<br>limited Shakurel Planet collab challenges!
9200|Clear "Shakurel Planet" %d times!<br>Clear any Shakurel Planet stage: %d of %d
9201|Clear "Shakurel Planet" %d times!<br>Clear any Shakurel Planet stage: %d of %d
9202|Upgrade Shakurel Cat to Level 10!<br>(You must evolve the Cat before the event ends!)
9203|
17001|Clear all Monthly Missions!<br>(Complete all %d available Monthly Challenges: %d of %d)
17002|Clear all Monthly Missions!<br>(Complete all %d available Monthly Challenges: %d of %d)
17003|Clear all Monthly Missions!<br>(Complete all %d available Monthly Challenges: %d of %d)
17004|Clear all Monthly Missions!<br>(Complete all %d available Monthly Challenges: %d of %d)
17005|Clear all Monthly Missions!<br>(Complete all %d available Monthly Challenges: %d of %d)
17006|Clear all Monthly Missions!<br>(Complete all %d available Monthly Challenges: %d of %d)
17007|Clear all Monthly Missions!<br>(Complete all %d available Monthly Challenges: %d of %d)
17008|Clear all Monthly Missions!<br>(Complete all %d available Monthly Challenges: %d of %d)
1000|Defeat %@ at Empire of Cats Ch. 2<br>(Once at any Empire of Cats Ch. 2 stage)
1001|Defeat %@ at Empire of Cats Ch. 2<br>(Once at any Empire of Cats Ch. 2 stage)
1002|Defeat %@ at Empire of Cats Ch. 2<br>(Once at any Empire of Cats Ch. 2 stage)
1003|Defeat %@ at Empire of Cats Ch. 2<br>(Once at any Empire of Cats Ch. 2 stage)
1004|Defeat %@ at Empire of Cats Ch. 2<br>(Once at any Empire of Cats Ch. 2 stage)
1005|Defeat %@ at Empire of Cats Ch. 2<br>(Once at any Empire of Cats Ch. 2 stage)
1006|Defeat %@ at Empire of Cats Ch. 2<br>(Once at any Empire of Cats Ch. 2 stage)
1007|Defeat %@ at Empire of Cats Ch. 2<br>(Once at any Empire of Cats Ch. 2 stage)
1008|Defeat %@ at Empire of Cats Ch. 2<br>(Once at any Empire of Cats Ch. 2 stage)
1009|Defeat %@ at Empire of Cats Ch. 2<br>(Once at any Empire of Cats Ch. 2 stage)
1010|Defeat %@ at Empire of Cats Ch. 2<br>(Once at any Empire of Cats Ch. 2 stage)
1011|Defeat %@ at Empire of Cats Ch. 2<br>(Once at any Empire of Cats Ch. 2 stage)
1012|Defeat %@ at Empire of Cats Ch. 2<br>(Once at any Empire of Cats Ch. 2 stage)
1013|Defeat %@ at Empire of Cats Ch. 2<br>(Once at any Empire of Cats Ch. 2 stage)
1014|Defeat %@ at Empire of Cats Ch. 2<br>(Once at any Empire of Cats Ch. 2 stage)
1100|Defeat %@ at Empire of Cats Ch. 3<br>(Once at any Empire of Cats Ch. 3 stage)
1101|Defeat %@ at Empire of Cats Ch. 3<br>(Once at any Empire of Cats Ch. 3 stage)
1102|Defeat %@ at Empire of Cats Ch. 3<br>(Once at any Empire of Cats Ch. 3 stage)
1103|Defeat %@ at Empire of Cats Ch. 3<br>(Once at any Empire of Cats Ch. 3 stage)
1104|Defeat %@ at Empire of Cats Ch. 3<br>(Once at any Empire of Cats Ch. 3 stage)
1105|Defeat %@ at Empire of Cats Ch. 3<br>(Once at any Empire of Cats Ch. 3 stage)
1106|Defeat %@ at Empire of Cats Ch. 3<br>(Once at any Empire of Cats Ch. 3 stage)
1107|Defeat %@ at Empire of Cats Ch. 3<br>(Once at any Empire of Cats Ch. 3 stage)
1108|Defeat %@ at Empire of Cats Ch. 3<br>(Once at any Empire of Cats Ch. 3 stage)
1109|Defeat %@ at Empire of Cats Ch. 3<br>(Once at any Empire of Cats Ch. 3 stage)
1110|Defeat %@ at Empire of Cats Ch. 3<br>(Once at any Empire of Cats Ch. 3 stage)
1111|Defeat %@ at Empire of Cats Ch. 3<br>(Once at any Empire of Cats Ch. 3 stage)
1112|Defeat %@ at Empire of Cats Ch. 3<br>(Once at any Empire of Cats Ch. 3 stage)
1113|Defeat %@ at Empire of Cats Ch. 3<br>(Once at any Empire of Cats Ch. 3 stage)
1114|Defeat %@ at Empire of Cats Ch. 3<br>(Once at any Empire of Cats Ch. 3 stage)
1200|Defeat %@ at Into the Future Ch. 1<br>(Once at any Into the Future Ch. 1 stage)
1201|Defeat %@ at Into the Future Ch. 1<br>(Once at any Into the Future Ch. 1 stage)
1202|Defeat %@ at Into the Future Ch. 1<br>(Once at any Into the Future Ch. 1 stage)
1203|Defeat %@ at Into the Future Ch. 1<br>(Once at any Into the Future Ch. 1 stage)
1204|Defeat %@ at Into the Future Ch. 1<br>(Once at any Into the Future Ch. 1 stage)
1205|Defeat %@ at Into the Future Ch. 1<br>(Once at any Into the Future Ch. 1 stage)
1206|Defeat %@ at Into the Future Ch. 1<br>(Once at any Into the Future Ch. 1 stage)
1207|Defeat %@ at Into the Future Ch. 1<br>(Once at any Into the Future Ch. 1 stage)
1208|Defeat %@ at Into the Future Ch. 1<br>(Once at any Into the Future Ch. 1 stage)
1209|Defeat %@ at Into the Future Ch. 1<br>(Once at any Into the Future Ch. 1 stage)
1210|Defeat %@ at Into the Future Ch. 1<br>(Once at any Into the Future Ch. 1 stage)
1211|Defeat %@ at Into the Future Ch. 1<br>(Once at any Into the Future Ch. 1 stage)
1212|Defeat %@ at Into the Future Ch. 1<br>(Once at any Into the Future Ch. 1 stage)
1213|Defeat %@ at Into the Future Ch. 1<br>(Once at any Into the Future Ch. 1 stage)
1214|Defeat %@ at Into the Future Ch. 1<br>(Once at any Into the Future Ch. 1 stage)
1215|Defeat %@ at Into the Future Ch. 1<br>(Once at any Into the Future Ch. 1 stage)
1216|Defeat %@ at Into the Future Ch. 1<br>(Once at any Into the Future Ch. 1 stage)
1217|Defeat %@ at Into the Future Ch. 1<br>(Once at any Into the Future Ch. 1 stage)
1218|Defeat %@ at Into the Future Ch. 1<br>(Once at any Into the Future Ch. 1 stage)
1219|Defeat %@ at Into the Future Ch. 1<br>(Once at any Into the Future Ch. 1 stage)
1220|Defeat %@ at Into the Future Ch. 1<br>(Once at any Into the Future Ch. 1 stage)
1221|Defeat %@ at Into the Future Ch. 1<br>(Once at any Into the Future Ch. 1 stage)
1222|Defeat %@ at Into the Future Ch. 1<br>(Once at any Into the Future Ch. 1 stage)
1223|Defeat %@ at Into the Future Ch. 1<br>(Once at any Into the Future Ch. 1 stage)
1224|Defeat %@ at Into the Future Ch. 1<br>(Once at any Into the Future Ch. 1 stage)
1225|Defeat %@ at Into the Future Ch. 1<br>(Once at any Into the Future Ch. 1 stage)
1226|Defeat %@ at Into the Future Ch. 1<br>(Once at any Into the Future Ch. 1 stage)
1227|Defeat %@ at Into the Future Ch. 1<br>(Once at any Into the Future Ch. 1 stage)
1228|Defeat %@ at Into the Future Ch. 1<br>(Once at any Into the Future Ch. 1 stage)
1229|Defeat %@ at Into the Future Ch. 1<br>(Once at any Into the Future Ch. 1 stage)
1300|Defeat %@ at Into the Future Ch. 2<br>(Once at any Into the Future Ch. 2 stage)
1301|Defeat %@ at Into the Future Ch. 2<br>(Once at any Into the Future Ch. 2 stage)
1302|Defeat %@ at Into the Future Ch. 2<br>(Once at any Into the Future Ch. 2 stage)
1303|Defeat %@ at Into the Future Ch. 2<br>(Once at any Into the Future Ch. 2 stage)
1304|Defeat %@ at Into the Future Ch. 2<br>(Once at any Into the Future Ch. 2 stage)
1305|Defeat %@ at Into the Future Ch. 2<br>(Once at any Into the Future Ch. 2 stage)
1306|Defeat %@ at Into the Future Ch. 2<br>(Once at any Into the Future Ch. 2 stage)
1307|Defeat %@ at Into the Future Ch. 2<br>(Once at any Into the Future Ch. 2 stage)
1308|Defeat %@ at Into the Future Ch. 2<br>(Once at any Into the Future Ch. 2 stage)
1309|Defeat %@ at Into the Future Ch. 2<br>(Once at any Into the Future Ch. 2 stage)
1310|Defeat %@ at Into the Future Ch. 2<br>(Once at any Into the Future Ch. 2 stage)
1311|Defeat %@ at Into the Future Ch. 2<br>(Once at any Into the Future Ch. 2 stage)
1312|Defeat %@ at Into the Future Ch. 2<br>(Once at any Into the Future Ch. 2 stage)
1313|Defeat %@ at Into the Future Ch. 2<br>(Once at any Into the Future Ch. 2 stage)
1314|Defeat %@ at Into the Future Ch. 2<br>(Once at any Into the Future Ch. 2 stage)
1315|Defeat %@ at Into the Future Ch. 2<br>(Once at any Into the Future Ch. 2 stage)
1316|Defeat %@ at Into the Future Ch. 2<br>(Once at any Into the Future Ch. 2 stage)
1317|Defeat %@ at Into the Future Ch. 2<br>(Once at any Into the Future Ch. 2 stage)
1318|Defeat %@ at Legend Stories (★) <br>(Once at any Legend Stories (★) stage)
1319|Defeat %@ at Legend Stories (★) <br>(Once at any Legend Stories (★) stage)
1320|Defeat %@ at Legend Stories (★) <br>(Once at any Legend Stories (★) stage)
1321|Defeat %@ at Legend Stories (★) <br>(Once at any Legend Stories (★) stage)
1322|Defeat %@ at Legend Stories (★) <br>(Once at any Legend Stories (★) stage)
1323|Defeat %@ at Legend Stories (★) <br>(Once at any Legend Stories (★) stage)
1324|Defeat %@ at Legend Stories (★) <br>(Once at any Legend Stories (★) stage)
1325|Defeat %@ at Legend Stories (★) <br>(Once at any Legend Stories (★) stage)
1326|Defeat %@ at Legend Stories (★) <br>(Once at any Legend Stories (★) stage)
1327|Defeat %@ at Legend Stories (★) <br>(Once at any Legend Stories (★) stage)
1328|Defeat %@ at Legend Stories (★) <br>(Once at any Legend Stories (★) stage)
1329|Defeat %@ at Legend Stories (★) <br>(Once at any Legend Stories (★) stage)
1330|Defeat %@ at Legend Stories (★) <br>(Once at any Legend Stories (★) stage)
1331|Defeat %@ at Legend Stories (★) <br>(Once at any Legend Stories (★) stage)
1332|Defeat %@ at Legend Stories (★) <br>(Once at any Legend Stories (★) stage)
1333|Defeat %@ at Legend Stories (★) <br>(Once at any Legend Stories (★) stage)
1334|Defeat %@ at Crimson Catastrophe<br>(Once at any Crimson Catastrophe stage)
1335|Defeat %@ at Heaven of Darkness<br>(Once at any Heaven of Darkness stage)
1400|Defeat %@ at Into the Future Ch. 3<br>(Once at any Into the Future Ch. 3 stage)
1401|Defeat %@ at Into the Future Ch. 3<br>(Once at any Into the Future Ch. 3 stage)
1402|Defeat %@ at Into the Future Ch. 3<br>(Once at any Into the Future Ch. 3 stage)
1403|Defeat %@ at Into the Future Ch. 3<br>(Once at any Into the Future Ch. 3 stage)
1404|Defeat %@ at Into the Future Ch. 3<br>(Once at any Into the Future Ch. 3 stage)
1405|Defeat %@ at Into the Future Ch. 3<br>(Once at any Into the Future Ch. 3 stage)
1406|Defeat %@ at Into the Future Ch. 3<br>(Once at any Into the Future Ch. 3 stage)
1407|Defeat %@ at Into the Future Ch. 3<br>(Once at any Into the Future Ch. 3 stage)
1408|Defeat %@ at Into the Future Ch. 3<br>(Once at any Into the Future Ch. 3 stage)
1409|Defeat %@ at Into the Future Ch. 3<br>(Once at any Into the Future Ch. 3 stage)
1410|Defeat %@ at Into the Future Ch. 3<br>(Once at any Into the Future Ch. 3 stage)
1411|Defeat %@ at Into the Future Ch. 3<br>(Once at any Into the Future Ch. 3 stage)
1412|Defeat %@ at Into the Future Ch. 3<br>(Once at any Into the Future Ch. 3 stage)
1413|Defeat %@ at Into the Future Ch. 3<br>(Once at any Into the Future Ch. 3 stage)
1414|Defeat %@ at Into the Future Ch. 3<br>(Once at any Into the Future Ch. 3 stage)
1415|Defeat %@ at Into the Future Ch. 3<br>(Once at any Into the Future Ch. 3 stage)
1416|Defeat %@ at Into the Future Ch. 3<br>(Once at any Into the Future Ch. 3 stage)
1417|Defeat %@ at Legend Stories (★) <br>(Once at any Legend Stories (★) stage)
1418|Defeat %@ at Legend Stories (★) <br>(Once at any Legend Stories (★) stage)
1419|Defeat %@ at Legend Stories (★) <br>(Once at any Legend Stories (★) stage)
1420|Defeat %@ at Legend Stories (★) <br>(Once at any Legend Stories (★) stage)
1421|Defeat %@ at Legend Stories (★) <br>(Once at any Legend Stories (★) stage)
1422|Defeat %@ at Legend Stories (★) <br>(Once at any Legend Stories (★) stage)
1423|Defeat %@ at Legend Stories (★) <br>(Once at any Legend Stories (★) stage)
1424|Defeat %@ at Legend Stories (★) <br>(Once at any Legend Stories (★) stage)
1425|Defeat %@ at Legend Stories (★) <br>(Once at any Legend Stories (★) stage)
1426|Defeat %@ at Legend Stories (★) <br>(Once at any Legend Stories (★) stage)
1427|Defeat %@ at Legend Stories (★) <br>(Once at any Legend Stories (★) stage)
1428|Defeat %@ at Legend Stories (★) <br>(Once at any Legend Stories (★) stage)
1429|Defeat %@ at Legend Stories (★) <br>(Once at any Legend Stories (★) stage)
1430|Defeat %@ at Legend Stories (★) <br>(Once at any Legend Stories (★) stage)
1431|Defeat %@ at Legend Stories (★) <br>(Once at any Legend Stories (★) stage)
1432|Defeat %@ at Legend Stories (★) <br>(Once at any Legend Stories (★) stage)
1433|Defeat %@ at Legend Stories (★) <br>(Once at any Legend Stories (★) stage)
1434|Defeat %@ at Peerless<br>(Once at any Peerless stage)
1435|Defeat %@ at Wrath of Heaven<br>(Once at any Wrath of Heaven stage)
1500|Defeat %@ at Cats of the Cosmos Ch. 1<br>(Once at any Cats of the Cosmos Ch. 1 stage)
1501|Defeat %@ at Cats of the Cosmos Ch. 1<br>(Once at any Cats of the Cosmos Ch. 1 stage)
1502|Defeat %@ at Cats of the Cosmos Ch. 1<br>(Once at any Cats of the Cosmos Ch. 1 stage)
1503|Defeat %@ at Cats of the Cosmos Ch. 1<br>(Once at any Cats of the Cosmos Ch. 1 stage)
1504|Defeat %@ at Cats of the Cosmos Ch. 1<br>(Once at any Cats of the Cosmos Ch. 1 stage)
1505|Defeat %@ at Cats of the Cosmos Ch. 1<br>(Once at any Cats of the Cosmos Ch. 1 stage)
1506|Defeat %@ at Cats of the Cosmos Ch. 1<br>(Once at any Cats of the Cosmos Ch. 1 stage)
1507|Defeat %@ at Cats of the Cosmos Ch. 1<br>(Once at any Cats of the Cosmos Ch. 1 stage)
1508|Defeat %@ at Cats of the Cosmos Ch. 1<br>(Once at any Cats of the Cosmos Ch. 1 stage)
1509|Defeat %@ at Cats of the Cosmos Ch. 1<br>(Once at any Cats of the Cosmos Ch. 1 stage)
1510|Defeat %@ at Cats of the Cosmos Ch. 1<br>(Once at any Cats of the Cosmos Ch. 1 stage)
1511|Defeat %@ at Cats of the Cosmos Ch. 1<br>(Once at any Cats of the Cosmos Ch. 1 stage)
1512|Defeat %@ at Cats of the Cosmos Ch. 1<br>(Once at any Cats of the Cosmos Ch. 1 stage)
1513|Defeat %@ at Cats of the Cosmos Ch. 1<br>(Once at any Cats of the Cosmos Ch. 1 stage)
1514|Defeat %@ at Cats of the Cosmos Ch. 1<br>(Once at any Cats of the Cosmos Ch. 1 stage)
1515|Defeat %@ at Cats of the Cosmos Ch. 1<br>(Once at any Cats of the Cosmos Ch. 1 stage)
1516|Defeat %@ at Cats of the Cosmos Ch. 1<br>(Once at any Cats of the Cosmos Ch. 1 stage)
1517|Defeat %@ at Legend Stories (★★) <br>(Once at any Legend Stories (★★) stage)
1518|Defeat %@ at Legend Stories (★★) <br>(Once at any Legend Stories (★★) stage)
1519|Defeat %@ at Legend Stories (★★) <br>(Once at any Legend Stories (★★) stage)
1520|Defeat %@ at Legend Stories (★★) <br>(Once at any Legend Stories (★★) stage)
1521|Defeat %@ at Legend Stories (★★) <br>(Once at any Legend Stories (★★) stage)
1522|Defeat %@ at Legend Stories (★★) <br>(Once at any Legend Stories (★★) stage)
1523|Defeat %@ at Legend Stories (★★) <br>(Once at any Legend Stories (★★) stage)
1524|Defeat %@ at Legend Stories (★★) <br>(Once at any Legend Stories (★★) stage)
1525|Defeat %@ at Legend Stories (★★) <br>(Once at any Legend Stories (★★) stage)
1526|Defeat %@ at Legend Stories (★★) <br>(Once at any Legend Stories (★★) stage)
1527|Defeat %@ at Legend Stories (★★) <br>(Once at any Legend Stories (★★) stage)
1528|Defeat %@ at Legend Stories (★★) <br>(Once at any Legend Stories (★★) stage)
1529|Defeat %@ at Legend Stories (★★) <br>(Once at any Legend Stories (★★) stage)
1530|Defeat %@ at Legend Stories (★★) <br>(Once at any Legend Stories (★★) stage)
1531|Defeat %@ at Legend Stories (★★) <br>(Once at any Legend Stories (★★) stage)
1532|Defeat %@ at Legend Stories (★★) <br>(Once at any Legend Stories (★★) stage)
1533|Defeat %@ at Legend Stories (★★) <br>(Once at any Legend Stories (★★) stage)
1534|Defeat %@ at Sweet Irony<br>(Once at any Sweet Irony stage)
1535|Defeat %@ at Dimension of Despair<br>(Once at any Dimension of Despair stage)
1600|Defeat %@ at Cats of the Cosmos Ch. 2<br>(Once at any Cats of the Cosmos Ch. 2 stage)
1601|Defeat %@ at Cats of the Cosmos Ch. 2<br>(Once at any Cats of the Cosmos Ch. 2 stage)
1602|Defeat %@ at Cats of the Cosmos Ch. 2<br>(Once at any Cats of the Cosmos Ch. 2 stage)
1603|Defeat %@ at Cats of the Cosmos Ch. 2<br>(Once at any Cats of the Cosmos Ch. 2 stage)
1604|Defeat %@ at Cats of the Cosmos Ch. 2<br>(Once at any Cats of the Cosmos Ch. 2 stage)
1605|Defeat %@ at Cats of the Cosmos Ch. 2<br>(Once at any Cats of the Cosmos Ch. 2 stage)
1606|Defeat %@ at Cats of the Cosmos Ch. 2<br>(Once at any Cats of the Cosmos Ch. 2 stage)
1607|Defeat %@ at Cats of the Cosmos Ch. 2<br>(Once at any Cats of the Cosmos Ch. 2 stage)
1608|Defeat %@ at Cats of the Cosmos Ch. 2<br>(Once at any Cats of the Cosmos Ch. 2 stage)
1609|Defeat %@ at Cats of the Cosmos Ch. 2<br>(Once at any Cats of the Cosmos Ch. 2 stage)
1610|Defeat %@ at Cats of the Cosmos Ch. 2<br>(Once at any Cats of the Cosmos Ch. 2 stage)
1611|Defeat %@ at Cats of the Cosmos Ch. 2<br>(Once at any Cats of the Cosmos Ch. 2 stage)
1612|Defeat %@ at Cats of the Cosmos Ch. 2<br>(Once at any Cats of the Cosmos Ch. 2 stage)
1613|Defeat %@ at Cats of the Cosmos Ch. 2<br>(Once at any Cats of the Cosmos Ch. 2 stage)
1614|Defeat %@ at Cats of the Cosmos Ch. 2<br>(Once at any Cats of the Cosmos Ch. 2 stage)
1615|Defeat %@ at Cats of the Cosmos Ch. 2<br>(Once at any Cats of the Cosmos Ch. 2 stage)
1616|Defeat %@ at Cats of the Cosmos Ch. 2<br>(Once at any Cats of the Cosmos Ch. 2 stage)
1617|Defeat %@ at Cats of the Cosmos Ch. 2<br>(Once at any Cats of the Cosmos Ch. 2 stage)
1618|Defeat %@ at Cats of the Cosmos Ch. 2<br>(Once at any Cats of the Cosmos Ch. 2 stage)
1619|Defeat %@ at Cats of the Cosmos Ch. 2<br>(Once at any Cats of the Cosmos Ch. 2 stage)
1620|Defeat %@ at Legend Stories (★) <br>(Once at any Legend Stories (★) stage)
1621|Defeat %@ at Legend Stories (★) <br>(Once at any Legend Stories (★) stage)
1622|Defeat %@ at Legend Stories (★) <br>(Once at any Legend Stories (★) stage)
1623|Defeat %@ at Legend Stories (★) <br>(Once at any Legend Stories (★) stage)
1624|Defeat %@ at Legend Stories (★) <br>(Once at any Legend Stories (★) stage)
1625|Defeat %@ at Legend Stories (★) <br>(Once at any Legend Stories (★) stage)
1626|Defeat %@ at Legend Stories (★) <br>(Once at any Legend Stories (★) stage)
1627|Defeat %@ at Legend Stories (★) <br>(Once at any Legend Stories (★) stage)
1628|Defeat %@ at Legend Stories (★) <br>(Once at any Legend Stories (★) stage)
1629|Defeat %@ at Legend Stories (★) <br>(Once at any Legend Stories (★) stage)
1630|Defeat %@ at Legend Stories (★) <br>(Once at any Legend Stories (★) stage)
1631|Defeat %@ at Legend Stories (★) <br>(Once at any Legend Stories (★) stage)
1632|Defeat %@ at Legend Stories (★) <br>(Once at any Legend Stories (★) stage)
1633|Defeat %@ at Legend Stories (★) <br>(Once at any Legend Stories (★) stage)
1634|Defeat %@ at Red Sky at Morning<br>(Once at any Red Sky at Morning stage)
1635|Defeat %@ at The Rolling Dead<br>(Once at any The Rolling Dead stage)
1700|Defeat %@ at Cats of the Cosmos Ch. 3<br>(Once at any Cats of the Cosmos Ch. 3 stage)
1701|Defeat %@ at Cats of the Cosmos Ch. 3<br>(Once at any Cats of the Cosmos Ch. 3 stage)
1702|Defeat %@ at Cats of the Cosmos Ch. 3<br>(Once at any Cats of the Cosmos Ch. 3 stage)
1703|Defeat %@ at Cats of the Cosmos Ch. 3<br>(Once at any Cats of the Cosmos Ch. 3 stage)
1704|Defeat %@ at Cats of the Cosmos Ch. 3<br>(Once at any Cats of the Cosmos Ch. 3 stage)
1705|Defeat %@ at Cats of the Cosmos Ch. 3<br>(Once at any Cats of the Cosmos Ch. 3 stage)
1706|Defeat %@ at Cats of the Cosmos Ch. 3<br>(Once at any Cats of the Cosmos Ch. 3 stage)
1707|Defeat %@ at Cats of the Cosmos Ch. 3<br>(Once at any Cats of the Cosmos Ch. 3 stage)
1708|Defeat %@ at Cats of the Cosmos Ch. 3<br>(Once at any Cats of the Cosmos Ch. 3 stage)
1709|Defeat %@ at Cats of the Cosmos Ch. 3<br>(Once at any Cats of the Cosmos Ch. 3 stage)
1710|Defeat %@ at Cats of the Cosmos Ch. 3<br>(Once at any Cats of the Cosmos Ch. 3 stage)
1711|Defeat %@ at Cats of the Cosmos Ch. 3<br>(Once at any Cats of the Cosmos Ch. 3 stage)
1712|Defeat %@ at Cats of the Cosmos Ch. 3<br>(Once at any Cats of the Cosmos Ch. 3 stage)
1713|Defeat %@ at Cats of the Cosmos Ch. 3<br>(Once at any Cats of the Cosmos Ch. 3 stage)
1714|Defeat %@ at Cats of the Cosmos Ch. 3<br>(Once at any Cats of the Cosmos Ch. 3 stage)
1715|Defeat %@ at Cats of the Cosmos Ch. 3<br>(Once at any Cats of the Cosmos Ch. 3 stage)
1716|Defeat %@ at Cats of the Cosmos Ch. 3<br>(Once at any Cats of the Cosmos Ch. 3 stage)
1717|Defeat %@ at Cats of the Cosmos Ch. 3<br>(Once at any Cats of the Cosmos Ch. 3 stage)
1718|Defeat %@ at Cats of the Cosmos Ch. 3<br>(Once at any Cats of the Cosmos Ch. 3 stage)
1719|Defeat %@ at Cats of the Cosmos Ch. 3<br>(Once at any Cats of the Cosmos Ch. 3 stage)
1720|Defeat %@ at Legend Stories (★) <br>(Once at any Legend Stories (★) stage)
1721|Defeat %@ at Legend Stories (★) <br>(Once at any Legend Stories (★) stage)
1722|Defeat %@ at Legend Stories (★) <br>(Once at any Legend Stories (★) stage)
1723|Defeat %@ at Legend Stories (★) <br>(Once at any Legend Stories (★) stage)
1724|Defeat %@ at Legend Stories (★) <br>(Once at any Legend Stories (★) stage)
1725|Defeat %@ at Legend Stories (★) <br>(Once at any Legend Stories (★) stage)
1726|Defeat %@ at Legend Stories (★) <br>(Once at any Legend Stories (★) stage)
1727|Defeat %@ at Legend Stories (★) <br>(Once at any Legend Stories (★) stage)
1728|Defeat %@ at Legend Stories (★) <br>(Once at any Legend Stories (★) stage)
1729|Defeat %@ at Legend Stories (★) <br>(Once at any Legend Stories (★) stage)
1730|Defeat %@ at Legend Stories (★) <br>(Once at any Legend Stories (★) stage)
1731|Defeat %@ at Legend Stories (★) <br>(Once at any Legend Stories (★) stage)
1732|Defeat %@ at Legend Stories (★) <br>(Once at any Legend Stories (★) stage)
1733|Defeat %@ at Legend Stories (★) <br>(Once at any Legend Stories (★) stage)
1734|Defeat %@ at Legend Stories (★) <br>(Once at any Legend Stories (★) stage)
1735|Defeat %@ at The 2nd Dimension<br>(Once at any The 2nd Dimension stage)
1800|Defeat %@ at Legend Stories (★★★) <br>(Once at any Legend Stories (★★★) stage)
1801|Defeat %@ at Legend Stories (★★★) <br>(Once at any Legend Stories (★★★) stage)
1802|Defeat %@ at Legend Stories (★★★) <br>(Once at any Legend Stories (★★★) stage)
1803|Defeat %@ at Legend Stories (★★★) <br>(Once at any Legend Stories (★★★) stage)
1804|Defeat %@ at Legend Stories (★★★) <br>(Once at any Legend Stories (★★★) stage)
1805|Defeat %@ at Legend Stories (★★★) <br>(Once at any Legend Stories (★★★) stage)
1806|Defeat %@ at Legend Stories (★★★) <br>(Once at any Legend Stories (★★★) stage)
1807|Defeat %@ at Legend Stories (★★★) <br>(Once at any Legend Stories (★★★) stage)
1808|Defeat %@ at Legend Stories (★★★) <br>(Once at any Legend Stories (★★★) stage)
1809|Defeat %@ at Legend Stories (★★★) <br>(Once at any Legend Stories (★★★) stage)
1810|Defeat %@ at Legend Stories (★★★) <br>(Once at any Legend Stories (★★★) stage)
1811|Defeat %@ at Legend Stories (★★★) <br>(Once at any Legend Stories (★★★) stage)
1812|Defeat %@ at Legend Stories (★★★) <br>(Once at any Legend Stories (★★★) stage)
1813|Defeat %@ at Legend Stories (★★★) <br>(Once at any Legend Stories (★★★) stage)
1814|Defeat %@ at Legend Stories (★★★) <br>(Once at any Legend Stories (★★★) stage)
1815|Defeat %@ at Legend Stories (★★★) <br>(Once at any Legend Stories (★★★) stage)
1816|Defeat %@ at Legend Stories (★★★) <br>(Once at any Legend Stories (★★★) stage)
1817|Defeat %@ at Legend Stories (★★★) <br>(Once at any Legend Stories (★★★) stage)
1818|Defeat %@ at Legend Stories (★★★) <br>(Once at any Legend Stories (★★★) stage)
1819|Defeat %@ at Legend Stories (★★★) <br>(Once at any Legend Stories (★★★) stage)
1820|Defeat %@ at Legend Stories (★★★) <br>(Once at any Legend Stories (★★★) stage)
1821|Defeat %@ at Legend Stories (★★★) <br>(Once at any Legend Stories (★★★) stage)
1822|Defeat %@ at Legend Stories (★★★) <br>(Once at any Legend Stories (★★★) stage)
1823|Defeat %@ at Legend Stories (★★★) <br>(Once at any Legend Stories (★★★) stage)
1824|Defeat %@ at Legend Stories (★★★) <br>(Once at any Legend Stories (★★★) stage)
1825|Defeat %@ at Legend Stories (★★★) <br>(Once at any Legend Stories (★★★) stage)
1826|Defeat %@ at Legend Stories (★★★) <br>(Once at any Legend Stories (★★★) stage)
1827|Defeat %@ at Legend Stories (★★★) <br>(Once at any Legend Stories (★★★) stage)
1828|Defeat %@ at Legend Stories (★★★) <br>(Once at any Legend Stories (★★★) stage)
1829|Defeat %@ at Legend Stories (★★★) <br>(Once at any Legend Stories (★★★) stage)
1830|Defeat %@ at Legend Stories (★★★) <br>(Once at any Legend Stories (★★★) stage)
1831|Defeat %@ at Legend Stories (★★★) <br>(Once at any Legend Stories (★★★) stage)
1832|Defeat %@ at Legend Stories (★★★) <br>(Once at any Legend Stories (★★★) stage)
1833|Defeat %@ at Legend Stories (★★★) <br>(Once at any Legend Stories (★★★) stage)
1834|Defeat %@ at Legend Stories (★★★) <br>(Once at any Legend Stories (★★★) stage)
1835|Defeat %@ at Legend Stories (★★★) <br>(Once at any Legend Stories (★★★) stage)
1900|Defeat %@ at Legend Stories (★★★★) <br>(Once at any Legend Stories (★★★★) stage)
1901|Defeat %@ at Legend Stories (★★★★) <br>(Once at any Legend Stories (★★★★) stage)
1902|Defeat %@ at Legend Stories (★★★★) <br>(Once at any Legend Stories (★★★★) stage)
1903|Defeat %@ at Legend Stories (★★★★) <br>(Once at any Legend Stories (★★★★) stage)
1904|Defeat %@ at Legend Stories (★★★★) <br>(Once at any Legend Stories (★★★★) stage)
1905|Defeat %@ at Legend Stories (★★★★) <br>(Once at any Legend Stories (★★★★) stage)
1906|Defeat %@ at Legend Stories (★★★★) <br>(Once at any Legend Stories (★★★★) stage)
1907|Defeat %@ at Legend Stories (★★★★) <br>(Once at any Legend Stories (★★★★) stage)
1908|Defeat %@ at Legend Stories (★★★★) <br>(Once at any Legend Stories (★★★★) stage)
1909|Defeat %@ at Legend Stories (★★★★) <br>(Once at any Legend Stories (★★★★) stage)
1910|Defeat %@ at Legend Stories (★★★★) <br>(Once at any Legend Stories (★★★★) stage)
1911|Defeat %@ at Legend Stories (★★★★) <br>(Once at any Legend Stories (★★★★) stage)
1912|Defeat %@ at Legend Stories (★★★★) <br>(Once at any Legend Stories (★★★★) stage)
1913|Defeat %@ at Legend Stories (★★★★) <br>(Once at any Legend Stories (★★★★) stage)
1914|Defeat %@ at Legend Stories (★★★★) <br>(Once at any Legend Stories (★★★★) stage)
1915|Defeat %@ at Legend Stories (★★★★) <br>(Once at any Legend Stories (★★★★) stage)
1916|Defeat %@ at Legend Stories (★★★★) <br>(Once at any Legend Stories (★★★★) stage)
1917|Defeat %@ at Legend Stories (★★★★) <br>(Once at any Legend Stories (★★★★) stage)
1918|Defeat %@ at Legend Stories (★★★★) <br>(Once at any Legend Stories (★★★★) stage)
1919|Defeat %@ at Legend Stories (★★★★) <br>(Once at any Legend Stories (★★★★) stage)
1920|Defeat %@ at Legend Stories (★★★★) <br>(Once at any Legend Stories (★★★★) stage)
1921|Defeat %@ at Legend Stories (★★★★) <br>(Once at any Legend Stories (★★★★) stage)
1922|Defeat %@ at Legend Stories (★★★★) <br>(Once at any Legend Stories (★★★★) stage)
1923|Defeat %@ at Legend Stories (★★★★) <br>(Once at any Legend Stories (★★★★) stage)
1924|Defeat %@ at Legend Stories (★★★★) <br>(Once at any Legend Stories (★★★★) stage)
1925|Defeat %@ at Legend Stories (★★★★) <br>(Once at any Legend Stories (★★★★) stage)
1926|Defeat %@ at Legend Stories (★★★★) <br>(Once at any Legend Stories (★★★★) stage)
1927|Defeat %@ at Legend Stories (★★★★) <br>(Once at any Legend Stories (★★★★) stage)
1928|Defeat %@ at Legend Stories (★★★★) <br>(Once at any Legend Stories (★★★★) stage)
1929|Defeat %@ at Legend Stories (★★★★) <br>(Once at any Legend Stories (★★★★) stage)
1930|Defeat %@ at Legend Stories (★★★★) <br>(Once at any Legend Stories (★★★★) stage)
1931|Defeat %@ at Legend Stories (★★★★) <br>(Once at any Legend Stories (★★★★) stage)
1932|Defeat %@ at Legend Stories (★★★★) <br>(Once at any Legend Stories (★★★★) stage)
1933|Defeat %@ at Legend Stories (★★★★) <br>(Once at any Legend Stories (★★★★) stage)
1934|Defeat %@ at Legend Stories (★★★★) <br>(Once at any Legend Stories (★★★★) stage)
1935|Defeat %@ at Legend Stories (★★★★) <br>(Once at any Legend Stories (★★★★) stage)
2000|Defeat %@ at Legend Stories (★★★★) <br>(Once at any Legend Stories (★★★★) stage)
2001|Defeat %@ at Legend Stories (★★★★) <br>(Once at any Legend Stories (★★★★) stage)
2002|Defeat %@ at Legend Stories (★★★★) <br>(Once at any Legend Stories (★★★★) stage)
2003|Defeat %@ at Legend Stories (★★★★) <br>(Once at any Legend Stories (★★★★) stage)
2004|Defeat %@ at Legend Stories (★★★★) <br>(Once at any Legend Stories (★★★★) stage)
2005|Defeat %@ at Legend Stories (★★★★) <br>(Once at any Legend Stories (★★★★) stage)
2006|Defeat %@ at Legend Stories (★★★★) <br>(Once at any Legend Stories (★★★★) stage)
2007|Defeat %@ at Legend Stories (★★★★) <br>(Once at any Legend Stories (★★★★) stage)
2008|Defeat %@ at Legend Stories (★★★★) <br>(Once at any Legend Stories (★★★★) stage)
2009|Defeat %@ at Legend Stories (★★★★) <br>(Once at any Legend Stories (★★★★) stage)
2010|Defeat %@ at Legend Stories (★★★★) <br>(Once at any Legend Stories (★★★★) stage)
2011|Defeat %@ at Legend Stories (★★★★) <br>(Once at any Legend Stories (★★★★) stage)
2012|Defeat %@ at Legend Stories (★★★★) <br>(Once at any Legend Stories (★★★★) stage)
2013|Defeat %@ at Legend Stories (★★★★) <br>(Once at any Legend Stories (★★★★) stage)
2014|Defeat %@ at Legend Stories (★★★★) <br>(Once at any Legend Stories (★★★★) stage)
2015|Defeat %@ at Legend Stories (★★★★) <br>(Once at any Legend Stories (★★★★) stage)
2016|Defeat %@ at Legend Stories (★★★★) <br>(Once at any Legend Stories (★★★★) stage)
2017|Defeat %@ at Legend Stories (★★★★) <br>(Once at any Legend Stories (★★★★) stage)
2018|Defeat %@ at Legend Stories (★★★★) <br>(Once at any Legend Stories (★★★★) stage)
2019|Defeat %@ at Legend Stories (★★★★) <br>(Once at any Legend Stories (★★★★) stage)
2020|Defeat %@ at Legend Stories (★★★★) <br>(Once at any Legend Stories (★★★★) stage)
2021|Defeat %@ at Legend Stories (★★★★) <br>(Once at any Legend Stories (★★★★) stage)
2022|Defeat %@ at Legend Stories (★★★★) <br>(Once at any Legend Stories (★★★★) stage)
2023|Defeat %@ at Legend Stories (★★★★) <br>(Once at any Legend Stories (★★★★) stage)
2024|Defeat %@ at Legend Stories (★★★★) <br>(Once at any Legend Stories (★★★★) stage)
2025|Defeat %@ at Legend Stories (★★★★) <br>(Once at any Legend Stories (★★★★) stage)
2026|Defeat %@ at Legend Stories (★★★★) <br>(Once at any Legend Stories (★★★★) stage)
2027|Defeat %@ at Legend Stories (★★★★) <br>(Once at any Legend Stories (★★★★) stage)
2028|Defeat %@ at Legend Stories (★★★★) <br>(Once at any Legend Stories (★★★★) stage)
2029|Defeat %@ at Legend Stories (★★★★) <br>(Once at any Legend Stories (★★★★) stage)
2030|Defeat %@ at Legend Stories (★★★★) <br>(Once at any Legend Stories (★★★★) stage)
2031|Defeat %@ at Legend Stories (★★★★) <br>(Once at any Legend Stories (★★★★) stage)
2032|Defeat %@ at Legend Stories (★★★★) <br>(Once at any Legend Stories (★★★★) stage)
2033|Defeat %@ at Legend Stories (★★★★) <br>(Once at any Legend Stories (★★★★) stage)
2034|Defeat %@ at Legend Stories (★★★★) <br>(Once at any Legend Stories (★★★★) stage)
2035|Defeat %@ at Legend Stories (★★★★) <br>(Once at any Legend Stories (★★★★) stage)
9204|
9205|Upgrade Akuma Giraffe to Level 10!<br>(You must evolve the Cat before the Street Fighter V AE collab ends!)|Check the Special Missions to access<br>limited Street Fighter V AE challenges!
9206|Upgrade Ryu Cat to Level 10!<br>(You must evolve the Cat before the Street Fighter V AE collab ends!)
9207|Upgrade Chun-Li Cat to Level 10!<br>(You must evolve the Cat before the Street Fighter V AE collab ends!)
9208|
9209|
9210|
9211|Clear the Blue Impact stage! <br>This mission can only be completed while the Limited Festival is available!
9212|Clear all Limited Stages at least one time each.<br>Clear all %d Limited Stages: %d of %d
9213|Upgrade Miku Cat to Level 10!<br>(You must evolve the Cat before the Hatsune Miku collab ends!)
9214|Clear "MIKU EXPO" %d times!<br>Clear any MIKU EXPO stage: %d of %d|Check the Special Missions to access<br>Hatsune Miku collab challenges!
9215|Clear "MIKU EXPO" %d times!<br>Clear any MIKU EXPO stage: %d of %d
9216|Clear "MIKU EXPO" %d times!<br>Clear any MIKU EXPO stage: %d of %d
9217|
9218|
9219|
9220||
9221|Complete %d Gamatoto Expeditions during <br>the Shoumetsu Toshi collab: %d of %d times|Check the Special Missions to access<br>Shoumetsu Toshi collab challenges!
9222|Clear the Heavenly Tower's 50th floor!<br>※Rewards can only be received once.|Check the Special Missions to access<br>a Heavenly Tower Mission!
9223|Upgrade Heavenly Jack to Level 10!<br>(You must evolve the Cat before the Bikkuriman collab ends!)